{
  "config": {
    "energy": "rastrigin",
    "dim": 2,
    "beta_train": 1.0,
    "beta_final": 20.0,
    "n_particles": 512,
    "seed": 0
  },
  "metrics": {
    "direct_diffusion": {
      "best_energy": 1.021728515625,
      "mean_energy": 22.42131805419922,
      "weighted_mean_energy": 22.42131805419922,
      "std_energy": 9.691381454467773,
      "q10_energy": 8.570003509521484,
      "q25_energy": 16.588769912719727,
      "q50_energy": 22.27996253967285,
      "ess": 512.0,
      "ess_ratio": 1.0,
      "n_particles": 512
    },
    "classical_smc": {
      "best_energy": 1.1703109741210938,
      "mean_energy": 1.1912623643875122,
      "weighted_mean_energy": 1.1912623643875122,
      "std_energy": 0.2747959792613983,
      "q10_energy": 1.1703109741210938,
      "q25_energy": 1.1703109741210938,
      "q50_energy": 1.1703109741210938,
      "ess": 512.0,
      "ess_ratio": 1.0,
      "n_particles": 512
    },
    "diffusion_smc_no_correction": {
      "best_energy": 0.03383636474609375,
      "mean_energy": 9.854039192199707,
      "weighted_mean_energy": 9.854039192199707,
      "std_energy": 7.454683780670166,
      "q10_energy": 1.4232491254806519,
      "q25_energy": 3.7779879570007324,
      "q50_energy": 8.12760066986084,
      "ess": 512.0,
      "ess_ratio": 1.0,
      "n_particles": 512
    },
    "diffusion_smc_ais": {
      "best_energy": 0.012363433837890625,
      "mean_energy": 0.5571473836898804,
      "weighted_mean_energy": 0.5571473836898804,
      "std_energy": 0.5037854313850403,
      "q10_energy": 0.07681465148925781,
      "q25_energy": 0.20352554321289062,
      "q50_energy": 0.41468048095703125,
      "ess": 512.0,
      "ess_ratio": 1.0,
      "n_particles": 512
    },
    "diffusion_smc_fkc": {
      "best_energy": 141575.53125,
      "mean_energy": 141575.53125,
      "weighted_mean_energy": 141575.53125,
      "std_energy": 0.0,
      "q10_energy": 141575.53125,
      "q25_energy": 141575.53125,
      "q50_energy": 141575.53125,
      "ess": 512.0,
      "ess_ratio": 1.0,
      "n_particles": 512
    }
  }
}