{
  "config": {
    "energy": "gmm",
    "dim": 2,
    "beta_train": 1.0,
    "beta_final": 10.0,
    "n_particles": 512,
    "seed": 0
  },
  "metrics": {
    "direct_diffusion": {
      "best_energy": 2.5321154594421387,
      "mean_energy": 3.6645727157592773,
      "weighted_mean_energy": 3.6645727157592773,
      "std_energy": 1.42158043384552,
      "q10_energy": 2.628859281539917,
      "q25_energy": 2.7599382400512695,
      "q50_energy": 3.1111278533935547,
      "ess": 512.0,
      "ess_ratio": 1.0,
      "n_particles": 512
    },
    "classical_smc": {
      "best_energy": 2.531398296356201,
      "mean_energy": 2.6367604732513428,
      "weighted_mean_energy": 2.6279759407043457,
      "std_energy": 0.1067197173833847,
      "q10_energy": 2.539745807647705,
      "q25_energy": 2.5583484172821045,
      "q50_energy": 2.598318099975586,
      "ess": 429.1678161621094,
      "ess_ratio": 0.8382183909416199,
      "n_particles": 512
    },
    "diffusion_smc_no_correction": {
      "best_energy": 2.531079053878784,
      "mean_energy": 2.6502127647399902,
      "weighted_mean_energy": 2.6502127647399902,
      "std_energy": 0.12219538539648056,
      "q10_energy": 2.5411741733551025,
      "q25_energy": 2.558413505554199,
      "q50_energy": 2.608391284942627,
      "ess": 512.0,
      "ess_ratio": 1.0,
      "n_particles": 512
    },
    "diffusion_smc_proposed": {
      "best_energy": 2.531358242034912,
      "mean_energy": 2.6537046432495117,
      "weighted_mean_energy": 2.6424546241760254,
      "std_energy": 0.11939534544944763,
      "q10_energy": 2.5449917316436768,
      "q25_energy": 2.5718579292297363,
      "q50_energy": 2.619985580444336,
      "ess": 436.27008056640625,
      "ess_ratio": 0.8520900011062622,
      "n_particles": 512
    }
  }
}